{"minzoom":0,"maxzoom":8,"center":[31.640625,-26.429508,8.0],"bounds":[30.790915,-27.317272,32.136654,-25.715221]}