{"minzoom":0,"maxzoom":9,"center":[31.289063,-26.745177,9.0],"bounds":[30.790915,-27.317272,32.136654,-25.715221]}